,[RSCU]_TTT,[RSCU]_TTC,[RSCU]_TTA,[RSCU]_TTG,[RSCU]_TCT,[RSCU]_TCC,[RSCU]_TCA,[RSCU]_TCG,[RSCU]_TAT,[RSCU]_TAC,[RSCU]_TGT,[RSCU]_TGC,[RSCU]_CTT,[RSCU]_CTC,[RSCU]_CTA,[RSCU]_CTG,[RSCU]_CCT,[RSCU]_CCC,[RSCU]_CCA,[RSCU]_CCG,[RSCU]_CAT,[RSCU]_CAC,[RSCU]_CAA,[RSCU]_CAG,[RSCU]_CGT,[RSCU]_CGC,[RSCU]_CGA,[RSCU]_CGG,[RSCU]_ATT,[RSCU]_ATC,[RSCU]_ATA,[RSCU]_ACT,[RSCU]_ACC,[RSCU]_ACA,[RSCU]_ACG,[RSCU]_AAT,[RSCU]_AAC,[RSCU]_AAA,[RSCU]_AAG,[RSCU]_AGT,[RSCU]_AGC,[RSCU]_AGA,[RSCU]_AGG,[RSCU]_GTT,[RSCU]_GTC,[RSCU]_GTA,[RSCU]_GTG,[RSCU]_GCT,[RSCU]_GCC,[RSCU]_GCA,[RSCU]_GCG,[RSCU]_GAT,[RSCU]_GAC,[RSCU]_GAA,[RSCU]_GAG,[RSCU]_GGT,[RSCU]_GGC,[RSCU]_GGA,[RSCU]_GGG
9180,1.409470752,0.590529248,1.454806313,1.170731707,1.923847695,0.541082164,1.659318637,0.144288577,1.155844156,0.844155844,1.519230769,0.480769231,1.850789096,0.602582496,0.602582496,0.318507891,1.985915493,0.323943662,1.535211268,0.154929577,1.378151261,0.621848739,1.357400722,0.642599278,1.518987342,0.53164557,0.35443038,0.17721519,1.566233766,0.592207792,0.841558442,1.835820896,0.402985075,1.582089552,0.179104478,1.322834646,0.677165354,1.287128713,0.712871287,1.382765531,0.348697395,2.506329114,0.911392405,2.0433213,0.519855596,0.85198556,0.584837545,2.125,0.591666667,1.1,0.183333333,1.255255255,0.744744745,1.448680352,0.551319648,2.299065421,0.76635514,0.813084112,0.121495327
